<?xml version="1.0"?>
<?xml-stylesheet type="text/xsl" href="toc.xsl"?>
<toc label="XDC Packages" topic="packages.html">
<topic class="toc-pkgs" label="all packages" href="all-packages.html">
<topic class="toc-id" label="ti.mcu.msp430.driverlib.product" href="ti/mcu/msp430/driverlib/product/package.html" title="package ti.mcu.msp430.driverlib.product">
<topic class="toc-id" label="DriverLib" href="ti/mcu/msp430/driverlib/product/DriverLib.html" title="metaonly module ti.mcu.msp430.driverlib.product.DriverLib">
</topic>
</topic>
</topic>
<topic class="toc-allmodules" label="all modules">
<topic class="toc-id" label="DriverLib" href="ti/mcu/msp430/driverlib/product/DriverLib.html" title="metaonly module ti.mcu.msp430.driverlib.product.DriverLib">
</topic>
</topic>
<topic class="toc-id" label="ti">
<topic class="toc-id" label="mcu">
<topic class="toc-id" label="msp430">
<topic class="toc-id" label="driverlib">
<topic class="toc-id" label="product" href="ti/mcu/msp430/driverlib/product/package.html" title="package ti.mcu.msp430.driverlib.product">
<topic class="toc-id" label="DriverLib" href="ti/mcu/msp430/driverlib/product/DriverLib.html" title="metaonly module ti.mcu.msp430.driverlib.product.DriverLib">
</topic>
</topic>
</topic>
</topic>
</topic>
</topic>
</toc>
