<?xml version="1.0" encoding="UTF-8"?>
<!--  This file conforms to the DTD xdc/bld/build.dtd -->
<package name="ti.mcu.msp430.driverlib.product" version="1, 0, 0" producerId="/vagrant/msp430-driverlib/imports/rtsc/">
    <units>
        <module name="ProductView"/>
        <module name="DriverLib"/>
    </units>
    <sources>
    </sources>
    <configscripts>
    </configscripts>
    <makefiles>
        <srcFile name="package.mak" src="package.bld"/>
        <srcFile name="package/package.xdc.dep" src="package.xdc"/>
        <srcFile name="package/package.cfg.dep" src="package.xdc"/>
        <srcFile name="package/rel/ti_mcu_msp430_driverlib_product.zip.dep" src="package/rel/ti_mcu_msp430_driverlib_product.xdc.inc"/>
    </makefiles>
    <targets>
    </targets>
    <libraries>
    </libraries>
    <configurations>
    </configurations>
    <executables>
    </executables>
    <tests>
    </tests>
    <releases relDir="package/rel/">
    <release name="ti_mcu_msp430_driverlib_product"
        pname="ti_mcu_msp430_driverlib_product.zip"
        label="default"
    >
        <file name="package/package.bld.xml"/>
        <file name="package/build.cfg"/>
        <file name="package/package.xdc.inc"/>
        <file name="icons"/>
        <file name="DriverLib.xml"/>
        <file name="DriverLib.xdt"/>
        <file name="makefile.xdt"/>
        <file name="package/package.cfg.xdc.inc"/>
    </release>
    </releases>
    <repositories>
    </repositories>
</package>
